doi,title,authors,published_date,volume,issue,page,article_number,citation_count,publisher,abstract,author_details,collection_timestamp,created_date,crossref_subtype,crossref_type,data_source,first_page,issn_list,journal,language,last_page,license_info,publication_year,subject_areas,updated_date
10.1186/1471-2458-2-1,Reliability of race assessment based on the race of the ascendants: a cross-sectional study,Sandra C Fuchs; Sylvia M Guimarães; Cristine Sortica; Fernanda Wainberg; Karine O Dias; Mariana Ughini; José Augusto S Castro; Flavio D Fuchs,2002-01-16,2,1,,1,33,Springer Science and Business Media LLC,,"{'given': 'Sandra C', 'family': 'Fuchs', 'orcid': '', 'full_name': 'Sandra C Fuchs'}; {'given': 'Sylvia M', 'family': 'Guimarães', 'orcid': '', 'full_name': 'Sylvia M Guimarães'}; {'given': 'Cristine', 'family': 'Sortica', 'orcid': '', 'full_name': 'Cristine Sortica'}; {'given': 'Fernanda', 'family': 'Wainberg', 'orcid': '', 'full_name': 'Fernanda Wainberg'}; {'given': 'Karine O', 'family': 'Dias', 'orcid': '', 'full_name': 'Karine O Dias'}; {'given': 'Mariana', 'family': 'Ughini', 'orcid': '', 'full_name': 'Mariana Ughini'}; {'given': 'José Augusto S', 'family': 'Castro', 'orcid': '', 'full_name': 'José Augusto S Castro'}; {'given': 'Flavio D', 'family': 'Fuchs', 'orcid': '', 'full_name': 'Flavio D Fuchs'}",2025-11-02T12:37:19.024332,2002-10-11T18:42:27Z,,journal-article,crossref,,1471-2458,BMC Public Health,en,,"{'url': 'http://www.springer.com/tdm', 'start': {'date-parts': [[2002, 1, 16]], 'date-time': '2002-01-16T00:00:00Z', 'timestamp': 1011139200000}}",2002,,2024-09-13T16:33:56Z
10.1186/1471-2458-2-2,Conceptual framework of public health surveillance and action and its application in health sector reform,Scott JN McNabb; Stella Chungong; Mike Ryan; Tadesse Wuhib; Peter Nsubuga; Wondi Alemu; Vilma Carande-Kulis; Guenael Rodier,2002-01-29,2,1,,2,62,Springer Science and Business Media LLC,,"{'given': 'Scott JN', 'family': 'McNabb', 'orcid': '', 'full_name': 'Scott JN McNabb'}; {'given': 'Stella', 'family': 'Chungong', 'orcid': '', 'full_name': 'Stella Chungong'}; {'given': 'Mike', 'family': 'Ryan', 'orcid': '', 'full_name': 'Mike Ryan'}; {'given': 'Tadesse', 'family': 'Wuhib', 'orcid': '', 'full_name': 'Tadesse Wuhib'}; {'given': 'Peter', 'family': 'Nsubuga', 'orcid': '', 'full_name': 'Peter Nsubuga'}; {'given': 'Wondi', 'family': 'Alemu', 'orcid': '', 'full_name': 'Wondi Alemu'}; {'given': 'Vilma', 'family': 'Carande-Kulis', 'orcid': '', 'full_name': 'Vilma Carande-Kulis'}; {'given': 'Guenael', 'family': 'Rodier', 'orcid': '', 'full_name': 'Guenael Rodier'}",2025-11-02T12:37:19.024401,2002-10-11T18:42:27Z,,journal-article,crossref,,1471-2458,BMC Public Health,en,,"{'url': 'http://www.springer.com/tdm', 'start': {'date-parts': [[2002, 1, 29]], 'date-time': '2002-01-29T00:00:00Z', 'timestamp': 1012262400000}}",2002,,2024-09-13T16:33:51Z
10.1186/1471-2458-2-3,Assessment of the infectious diseases surveillance system of the Republic of Armenia: an example of surveillance in the Republics of the former Soviet Union,Tadesse Wuhib; Terence L Chorba; Vladimir Davidiants; William R Mac Kenzie; Scott JN McNabb,2002-02-26,2,1,,3,20,Springer Science and Business Media LLC,,"{'given': 'Tadesse', 'family': 'Wuhib', 'orcid': '', 'full_name': 'Tadesse Wuhib'}; {'given': 'Terence L', 'family': 'Chorba', 'orcid': '', 'full_name': 'Terence L Chorba'}; {'given': 'Vladimir', 'family': 'Davidiants', 'orcid': '', 'full_name': 'Vladimir Davidiants'}; {'given': 'William R', 'family': 'Mac Kenzie', 'orcid': '', 'full_name': 'William R Mac Kenzie'}; {'given': 'Scott JN', 'family': 'McNabb', 'orcid': '', 'full_name': 'Scott JN McNabb'}",2025-11-02T12:37:19.024449,2002-10-11T18:42:27Z,,journal-article,crossref,,1471-2458,BMC Public Health,en,,"{'url': 'http://www.springer.com/tdm', 'start': {'date-parts': [[2002, 2, 26]], 'date-time': '2002-02-26T00:00:00Z', 'timestamp': 1014681600000}}",2002,,2024-09-13T16:34:12Z
10.1186/1471-2458-2-4,Predictors of refusal to participate: a longitudinal health survey of the elderly in Australia,Patricia A Jacomb; Anthony F Jorm; Ailsa E Korten; Helen Christensen; A Scott Henderson,2002-03-13,2,1,,4,56,Springer Science and Business Media LLC,,"{'given': 'Patricia A', 'family': 'Jacomb', 'orcid': '', 'full_name': 'Patricia A Jacomb'}; {'given': 'Anthony F', 'family': 'Jorm', 'orcid': '', 'full_name': 'Anthony F Jorm'}; {'given': 'Ailsa E', 'family': 'Korten', 'orcid': '', 'full_name': 'Ailsa E Korten'}; {'given': 'Helen', 'family': 'Christensen', 'orcid': '', 'full_name': 'Helen Christensen'}; {'given': 'A Scott', 'family': 'Henderson', 'orcid': '', 'full_name': 'A Scott Henderson'}",2025-11-02T12:37:19.024490,2002-10-11T18:42:27Z,,journal-article,crossref,,1471-2458,BMC Public Health,en,,"{'url': 'http://www.springer.com/tdm', 'start': {'date-parts': [[2002, 3, 13]], 'date-time': '2002-03-13T00:00:00Z', 'timestamp': 1015977600000}}",2002,,2024-09-13T16:34:01Z
10.1186/1471-2458-2-5,Giardiasis in children living in post-earthquake camps from Armenia (Colombia),Fabiana Lora-Suarez; Carolina Marin-Vasquez; Nelsy Loango; Martha Gallego; Elizabeth Torres; Maria Mercedes Gonzalez; Jhon Carlos Castaño-Osorio; Jorge Enrique Gómez-Marín,2002-03-14,2,1,,5,23,Springer Science and Business Media LLC,,"{'given': 'Fabiana', 'family': 'Lora-Suarez', 'orcid': '', 'full_name': 'Fabiana Lora-Suarez'}; {'given': 'Carolina', 'family': 'Marin-Vasquez', 'orcid': '', 'full_name': 'Carolina Marin-Vasquez'}; {'given': 'Nelsy', 'family': 'Loango', 'orcid': '', 'full_name': 'Nelsy Loango'}; {'given': 'Martha', 'family': 'Gallego', 'orcid': '', 'full_name': 'Martha Gallego'}; {'given': 'Elizabeth', 'family': 'Torres', 'orcid': '', 'full_name': 'Elizabeth Torres'}; {'given': 'Maria Mercedes', 'family': 'Gonzalez', 'orcid': '', 'full_name': 'Maria Mercedes Gonzalez'}; {'given': 'Jhon Carlos', 'family': 'Castaño-Osorio', 'orcid': '', 'full_name': 'Jhon Carlos Castaño-Osorio'}; {'given': 'Jorge Enrique', 'family': 'Gómez-Marín', 'orcid': '', 'full_name': 'Jorge Enrique Gómez-Marín'}",2025-11-02T12:37:19.024538,2002-10-11T18:40:44Z,,journal-article,crossref,,1471-2458,BMC Public Health,en,,"{'url': 'http://www.springer.com/tdm', 'start': {'date-parts': [[2002, 3, 14]], 'date-time': '2002-03-14T00:00:00Z', 'timestamp': 1016064000000}}",2002,,2024-09-13T16:34:05Z
10.1186/1471-2458-2-6,"Adverse effects of the antimalaria drug, mefloquine: due to primary liver damage with secondary thyroid involvement?",Ashley M Croft; Andrew Herxheimer,2002-03-25,2,1,,6,40,Springer Science and Business Media LLC,,"{'given': 'Ashley M', 'family': 'Croft', 'orcid': '', 'full_name': 'Ashley M Croft'}; {'given': 'Andrew', 'family': 'Herxheimer', 'orcid': '', 'full_name': 'Andrew Herxheimer'}",2025-11-02T12:37:19.024572,2002-10-11T18:40:44Z,,journal-article,crossref,,1471-2458,BMC Public Health,en,,"{'url': 'http://www.springer.com/tdm', 'start': {'date-parts': [[2002, 3, 25]], 'date-time': '2002-03-25T00:00:00Z', 'timestamp': 1017014400000}}",2002,,2024-09-13T16:34:46Z
10.1186/1471-2458-2-7,"Verbal autopsy of 48 000 adult deaths attributable to medical causes in Chennai (formerly Madras), India",Vendhan Gajalakshmi; Richard Peto; Santhanakrishnan Kanaka; Sivagurunathan Balasubramanian,2002-05-16,2,1,,7,74,Springer Science and Business Media LLC,,"{'given': 'Vendhan', 'family': 'Gajalakshmi', 'orcid': '', 'full_name': 'Vendhan Gajalakshmi'}; {'given': 'Richard', 'family': 'Peto', 'orcid': '', 'full_name': 'Richard Peto'}; {'given': 'Santhanakrishnan', 'family': 'Kanaka', 'orcid': '', 'full_name': 'Santhanakrishnan Kanaka'}; {'given': 'Sivagurunathan', 'family': 'Balasubramanian', 'orcid': '', 'full_name': 'Sivagurunathan Balasubramanian'}",2025-11-02T12:37:19.024606,2002-10-11T18:42:27Z,,journal-article,crossref,,1471-2458,BMC Public Health,en,,"{'url': 'http://www.springer.com/tdm', 'start': {'date-parts': [[2002, 5, 16]], 'date-time': '2002-05-16T00:00:00Z', 'timestamp': 1021507200000}}",2002,,2024-09-13T16:34:23Z
10.1186/1471-2458-2-8,Validation and results of a questionnaire for functional bowel disease in out-patients,Ioannis A Mouzas; Nikolaos Fragkiadakis; Joanna Moschandreas; Andreas Karachristos; Panagiotis Skordilis; E Kouroumalis; Orestes N Manousos,2002-05-21,2,1,,8,13,Springer Science and Business Media LLC,,"{'given': 'Ioannis A', 'family': 'Mouzas', 'orcid': '', 'full_name': 'Ioannis A Mouzas'}; {'given': 'Nikolaos', 'family': 'Fragkiadakis', 'orcid': '', 'full_name': 'Nikolaos Fragkiadakis'}; {'given': 'Joanna', 'family': 'Moschandreas', 'orcid': '', 'full_name': 'Joanna Moschandreas'}; {'given': 'Andreas', 'family': 'Karachristos', 'orcid': '', 'full_name': 'Andreas Karachristos'}; {'given': 'Panagiotis', 'family': 'Skordilis', 'orcid': '', 'full_name': 'Panagiotis Skordilis'}; {'given': 'E', 'family': 'Kouroumalis', 'orcid': '', 'full_name': 'E Kouroumalis'}; {'given': 'Orestes N', 'family': 'Manousos', 'orcid': '', 'full_name': 'Orestes N Manousos'}",2025-11-02T12:37:19.024649,2002-10-11T18:42:27Z,,journal-article,crossref,,1471-2458,BMC Public Health,en,,"{'url': 'http://www.springer.com/tdm', 'start': {'date-parts': [[2002, 5, 21]], 'date-time': '2002-05-21T00:00:00Z', 'timestamp': 1021939200000}}",2002,,2024-09-13T16:34:19Z
10.1186/1471-2458-2-9,"The association between secondhand smoke and the risk of developing acute coronary syndromes, among non-smokers, under the presence of several cardiovascular risk factors: The CARDIO2000 case-control study",Demosthenes B Panagiotakos; Christina Chrysohoou; Christos Pitsavos; Ioanna Papaioannou; John Skoumas; Christodoulos Stefanadis; Pavlos Toutouzas,2002-05-24,2,1,,9,31,Springer Science and Business Media LLC,,"{'given': 'Demosthenes B', 'family': 'Panagiotakos', 'orcid': '', 'full_name': 'Demosthenes B Panagiotakos'}; {'given': 'Christina', 'family': 'Chrysohoou', 'orcid': '', 'full_name': 'Christina Chrysohoou'}; {'given': 'Christos', 'family': 'Pitsavos', 'orcid': '', 'full_name': 'Christos Pitsavos'}; {'given': 'Ioanna', 'family': 'Papaioannou', 'orcid': '', 'full_name': 'Ioanna Papaioannou'}; {'given': 'John', 'family': 'Skoumas', 'orcid': '', 'full_name': 'John Skoumas'}; {'given': 'Christodoulos', 'family': 'Stefanadis', 'orcid': '', 'full_name': 'Christodoulos Stefanadis'}; {'given': 'Pavlos', 'family': 'Toutouzas', 'orcid': '', 'full_name': 'Pavlos Toutouzas'}",2025-11-02T12:37:19.024690,2002-10-11T18:42:27Z,,journal-article,crossref,,1471-2458,BMC Public Health,en,,"{'url': 'http://www.springer.com/tdm', 'start': {'date-parts': [[2002, 5, 24]], 'date-time': '2002-05-24T00:00:00Z', 'timestamp': 1022198400000}}",2002,,2024-09-13T16:34:49Z
10.1186/1471-2458-2-10,Preconceptional factors associated with very low birthweight delivery in East and West Berlin: a case control study,Ingrid Grimmer; Christoph Bührer; Joachim W Dudenhausen; Andrea Stroux; Horst Reiher; Horst Halle; Michael Obladen,2002-06-24,2,1,,10,18,Springer Science and Business Media LLC,,"{'given': 'Ingrid', 'family': 'Grimmer', 'orcid': '', 'full_name': 'Ingrid Grimmer'}; {'given': 'Christoph', 'family': 'Bührer', 'orcid': '', 'full_name': 'Christoph Bührer'}; {'given': 'Joachim W', 'family': 'Dudenhausen', 'orcid': '', 'full_name': 'Joachim W Dudenhausen'}; {'given': 'Andrea', 'family': 'Stroux', 'orcid': '', 'full_name': 'Andrea Stroux'}; {'given': 'Horst', 'family': 'Reiher', 'orcid': '', 'full_name': 'Horst Reiher'}; {'given': 'Horst', 'family': 'Halle', 'orcid': '', 'full_name': 'Horst Halle'}; {'given': 'Michael', 'family': 'Obladen', 'orcid': '', 'full_name': 'Michael Obladen'}",2025-11-02T12:37:19.024732,2002-10-11T18:42:27Z,,journal-article,crossref,,1471-2458,BMC Public Health,en,,"{'url': 'http://www.springer.com/tdm', 'start': {'date-parts': [[2002, 6, 24]], 'date-time': '2002-06-24T00:00:00Z', 'timestamp': 1024876800000}}",2002,,2024-09-13T16:35:02Z
10.1186/1471-2458-2-11,Interactions of pathogens and irritant chemicals in land-applied sewage sludges (biosolids),David L Lewis; David K Gattie; Marc E Novak; Susan Sanchez; Charles Pumphrey,2002-06-28,2,1,,11,18,Springer Science and Business Media LLC,,"{'given': 'David L', 'family': 'Lewis', 'orcid': '', 'full_name': 'David L Lewis'}; {'given': 'David K', 'family': 'Gattie', 'orcid': '', 'full_name': 'David K Gattie'}; {'given': 'Marc E', 'family': 'Novak', 'orcid': '', 'full_name': 'Marc E Novak'}; {'given': 'Susan', 'family': 'Sanchez', 'orcid': '', 'full_name': 'Susan Sanchez'}; {'given': 'Charles', 'family': 'Pumphrey', 'orcid': '', 'full_name': 'Charles Pumphrey'}",2025-11-02T12:37:19.024797,2002-10-11T18:42:27Z,,journal-article,crossref,,1471-2458,BMC Public Health,en,,"{'url': 'http://www.springer.com/tdm', 'start': {'date-parts': [[2002, 6, 28]], 'date-time': '2002-06-28T00:00:00Z', 'timestamp': 1025222400000}}",2002,,2024-09-13T16:35:08Z
10.1186/1471-2458-2-12,Oral cancer treatment costs in Greece and the effect of advanced disease,Athanasios Zavras; Nikos Andreopoulos; Nikos Katsikeris; Dimitrios Zavras; Vassiliki Cartsos; Athanasios Vamvakidis,2002-07-19,2,1,,12,37,Springer Science and Business Media LLC,,"{'given': 'Athanasios', 'family': 'Zavras', 'orcid': '', 'full_name': 'Athanasios Zavras'}; {'given': 'Nikos', 'family': 'Andreopoulos', 'orcid': '', 'full_name': 'Nikos Andreopoulos'}; {'given': 'Nikos', 'family': 'Katsikeris', 'orcid': '', 'full_name': 'Nikos Katsikeris'}; {'given': 'Dimitrios', 'family': 'Zavras', 'orcid': '', 'full_name': 'Dimitrios Zavras'}; {'given': 'Vassiliki', 'family': 'Cartsos', 'orcid': '', 'full_name': 'Vassiliki Cartsos'}; {'given': 'Athanasios', 'family': 'Vamvakidis', 'orcid': '', 'full_name': 'Athanasios Vamvakidis'}",2025-11-02T12:37:19.024840,2002-10-11T18:42:27Z,,journal-article,crossref,,1471-2458,BMC Public Health,en,,"{'url': 'http://www.springer.com/tdm', 'start': {'date-parts': [[2002, 7, 19]], 'date-time': '2002-07-19T00:00:00Z', 'timestamp': 1027036800000}}",2002,,2024-09-13T16:35:13Z
10.1186/1471-2458-2-13,Identification of bacteria in drinking and purified water during the monitoring of a typical water purification system,Vessoni Thereza Christina Penna; Silva Alzira Maria Martins; Priscila Gava Mazzola,2002-08-15,2,1,,13,62,Springer Science and Business Media LLC,,"{'given': 'Vessoni Thereza Christina', 'family': 'Penna', 'orcid': '', 'full_name': 'Vessoni Thereza Christina Penna'}; {'given': 'Silva Alzira Maria', 'family': 'Martins', 'orcid': '', 'full_name': 'Silva Alzira Maria Martins'}; {'given': 'Priscila Gava', 'family': 'Mazzola', 'orcid': '', 'full_name': 'Priscila Gava Mazzola'}",2025-11-02T12:37:19.024873,2002-09-26T12:07:27Z,,journal-article,crossref,,1471-2458,BMC Public Health,en,,"{'url': 'http://www.springer.com/tdm', 'start': {'date-parts': [[2002, 8, 15]], 'date-time': '2002-08-15T00:00:00Z', 'timestamp': 1029369600000}}",2002,,2024-09-13T16:34:56Z
10.1186/1471-2458-2-14,"Comparison of deferral rates using a computerized versus written blood donor questionnaire: a randomized, cross-over study [ISRCTN84429599]",John W Sellors; Robert Hayward; Graham Swanson; Anita Ali; R Brian Haynes; Ronald Bourque; Karen-Ann Moore; Lynne Lohfeld; Dawn Dalby; Michelle Howard,2002-08-21,2,1,,14,20,Springer Science and Business Media LLC,,"{'given': 'John W', 'family': 'Sellors', 'orcid': '', 'full_name': 'John W Sellors'}; {'given': 'Robert', 'family': 'Hayward', 'orcid': '', 'full_name': 'Robert Hayward'}; {'given': 'Graham', 'family': 'Swanson', 'orcid': '', 'full_name': 'Graham Swanson'}; {'given': 'Anita', 'family': 'Ali', 'orcid': '', 'full_name': 'Anita Ali'}; {'given': 'R Brian', 'family': 'Haynes', 'orcid': '', 'full_name': 'R Brian Haynes'}; {'given': 'Ronald', 'family': 'Bourque', 'orcid': '', 'full_name': 'Ronald Bourque'}; {'given': 'Karen-Ann', 'family': 'Moore', 'orcid': '', 'full_name': 'Karen-Ann Moore'}; {'given': 'Lynne', 'family': 'Lohfeld', 'orcid': '', 'full_name': 'Lynne Lohfeld'}; {'given': 'Dawn', 'family': 'Dalby', 'orcid': '', 'full_name': 'Dawn Dalby'}; {'given': 'Michelle', 'family': 'Howard', 'orcid': '', 'full_name': 'Michelle Howard'}",2025-11-02T12:37:19.024918,2002-09-26T12:07:27Z,,journal-article,crossref,,1471-2458,BMC Public Health,en,,"{'url': 'http://www.springer.com/tdm', 'start': {'date-parts': [[2002, 8, 21]], 'date-time': '2002-08-21T00:00:00Z', 'timestamp': 1029888000000}}",2002,,2024-09-13T16:35:29Z
10.1186/1471-2458-2-15,The new middle level health workers training in the Amhara regional state of Ethiopia: students' perspective,Haileyesus Getahun; Hanna Yirga; Daniel Argaw,2002-08-30,2,1,,15,1,Springer Science and Business Media LLC,,"{'given': 'Haileyesus', 'family': 'Getahun', 'orcid': '', 'full_name': 'Haileyesus Getahun'}; {'given': 'Hanna', 'family': 'Yirga', 'orcid': '', 'full_name': 'Hanna Yirga'}; {'given': 'Daniel', 'family': 'Argaw', 'orcid': '', 'full_name': 'Daniel Argaw'}",2025-11-02T12:37:19.024951,2002-09-26T12:07:27Z,,journal-article,crossref,,1471-2458,BMC Public Health,en,,"{'url': 'http://www.springer.com/tdm', 'start': {'date-parts': [[2002, 8, 30]], 'date-time': '2002-08-30T00:00:00Z', 'timestamp': 1030665600000}}",2002,,2024-09-13T16:35:24Z
10.1186/1471-2458-2-16,Physician perceptions of primary prevention: qualitative base for the conceptual shaping of a practice intervention tool,Amy L Mirand; Gregory P Beehler; Christina L Kuo; Martin C Mahoney,2002-08-30,2,1,,16,16,Springer Science and Business Media LLC,,"{'given': 'Amy L', 'family': 'Mirand', 'orcid': '', 'full_name': 'Amy L Mirand'}; {'given': 'Gregory P', 'family': 'Beehler', 'orcid': '', 'full_name': 'Gregory P Beehler'}; {'given': 'Christina L', 'family': 'Kuo', 'orcid': '', 'full_name': 'Christina L Kuo'}; {'given': 'Martin C', 'family': 'Mahoney', 'orcid': '', 'full_name': 'Martin C Mahoney'}",2025-11-02T12:37:19.024986,2002-09-26T12:07:27Z,,journal-article,crossref,,1471-2458,BMC Public Health,en,,"{'url': 'http://www.springer.com/tdm', 'start': {'date-parts': [[2002, 8, 30]], 'date-time': '2002-08-30T00:00:00Z', 'timestamp': 1030665600000}}",2002,,2024-09-13T16:35:43Z
10.1186/1471-2458-2-17,Is council tax valuation band a predictor of mortality?,Norman R Beale; Gordon J Taylor; Dawn MK Straker-Cook,2002-09-03,2,1,,17,8,Springer Science and Business Media LLC,,"{'given': 'Norman R', 'family': 'Beale', 'orcid': '', 'full_name': 'Norman R Beale'}; {'given': 'Gordon J', 'family': 'Taylor', 'orcid': '', 'full_name': 'Gordon J Taylor'}; {'given': 'Dawn MK', 'family': 'Straker-Cook', 'orcid': '', 'full_name': 'Dawn MK Straker-Cook'}",2025-11-02T12:37:19.025019,2002-09-27T11:09:55Z,,journal-article,crossref,,1471-2458,BMC Public Health,en,,"{'url': 'http://www.springer.com/tdm', 'start': {'date-parts': [[2002, 9, 3]], 'date-time': '2002-09-03T00:00:00Z', 'timestamp': 1031011200000}}",2002,,2024-09-13T16:36:12Z
10.1186/1471-2458-2-18,Regular use of aspirin and pancreatic cancer risk,Ravi J Menezes; Kenneth R Huber; Martin C Mahoney; Kirsten B Moysich,2002-09-04,2,1,,18,47,Springer Science and Business Media LLC,,"{'given': 'Ravi J', 'family': 'Menezes', 'orcid': '', 'full_name': 'Ravi J Menezes'}; {'given': 'Kenneth R', 'family': 'Huber', 'orcid': '', 'full_name': 'Kenneth R Huber'}; {'given': 'Martin C', 'family': 'Mahoney', 'orcid': '', 'full_name': 'Martin C Mahoney'}; {'given': 'Kirsten B', 'family': 'Moysich', 'orcid': '', 'full_name': 'Kirsten B Moysich'}",2025-11-02T12:37:19.025054,2002-09-26T12:07:27Z,,journal-article,crossref,,1471-2458,BMC Public Health,en,,"{'url': 'http://www.springer.com/tdm', 'start': {'date-parts': [[2002, 9, 4]], 'date-time': '2002-09-04T00:00:00Z', 'timestamp': 1031097600000}}",2002,,2024-09-13T16:36:01Z
10.1186/1471-2458-2-19,Effects of chronic inflammatory bowel diseases on left ventricular structure and function: a study protocol,Ugo Cioffi; Michele M Ciulla; Matilde De Simone; Roberta Paliotti; Alberto Pierini; Fabio Magrini; Fiorenzo Botti; Ettore Contessini-Avesani,2002-09-10,2,1,,19,4,Springer Science and Business Media LLC,,"{'given': 'Ugo', 'family': 'Cioffi', 'orcid': '', 'full_name': 'Ugo Cioffi'}; {'given': 'Michele M', 'family': 'Ciulla', 'orcid': '', 'full_name': 'Michele M Ciulla'}; {'given': 'Matilde', 'family': 'De Simone', 'orcid': '', 'full_name': 'Matilde De Simone'}; {'given': 'Roberta', 'family': 'Paliotti', 'orcid': '', 'full_name': 'Roberta Paliotti'}; {'given': 'Alberto', 'family': 'Pierini', 'orcid': '', 'full_name': 'Alberto Pierini'}; {'given': 'Fabio', 'family': 'Magrini', 'orcid': '', 'full_name': 'Fabio Magrini'}; {'given': 'Fiorenzo', 'family': 'Botti', 'orcid': '', 'full_name': 'Fiorenzo Botti'}; {'given': 'Ettore', 'family': 'Contessini-Avesani', 'orcid': '', 'full_name': 'Ettore Contessini-Avesani'}",2025-11-02T12:37:19.025097,2002-09-27T11:09:55Z,,journal-article,crossref,,1471-2458,BMC Public Health,en,,"{'url': 'http://www.springer.com/tdm', 'start': {'date-parts': [[2002, 9, 10]], 'date-time': '2002-09-10T00:00:00Z', 'timestamp': 1031616000000}}",2002,,2024-09-13T16:36:06Z
10.1186/1471-2458-2-20,Predictors of positive health in disability pensioners: a population-based questionnaire study using Positive Odds Ratio,Göran Ejlertsson; Lena Edén; Ido Leden,2002-09-11,2,1,,20,20,Springer Science and Business Media LLC,,"{'given': 'Göran', 'family': 'Ejlertsson', 'orcid': '', 'full_name': 'Göran Ejlertsson'}; {'given': 'Lena', 'family': 'Edén', 'orcid': '', 'full_name': 'Lena Edén'}; {'given': 'Ido', 'family': 'Leden', 'orcid': '', 'full_name': 'Ido Leden'}",2025-11-02T12:37:19.025131,2002-09-26T12:07:27Z,,journal-article,crossref,,1471-2458,BMC Public Health,en,,"{'url': 'http://www.springer.com/tdm', 'start': {'date-parts': [[2002, 9, 11]], 'date-time': '2002-09-11T00:00:00Z', 'timestamp': 1031702400000}}",2002,,2024-09-13T16:35:55Z
10.1186/1471-2458-2-21,Workers' compensation claims related to natural rubber latex gloves among Oregon healthcare employees from 1987–1998,Irwin B Horwitz; John Kammeyer-Mueller; Brian P McCall,2002-09-18,2,1,,21,7,Springer Science and Business Media LLC,,"{'given': 'Irwin B', 'family': 'Horwitz', 'orcid': '', 'full_name': 'Irwin B Horwitz'}; {'given': 'John', 'family': 'Kammeyer-Mueller', 'orcid': '', 'full_name': 'John Kammeyer-Mueller'}; {'given': 'Brian P', 'family': 'McCall', 'orcid': '', 'full_name': 'Brian P McCall'}",2025-11-02T12:37:19.025164,2002-09-28T11:09:37Z,,journal-article,crossref,,1471-2458,BMC Public Health,en,,"{'url': 'http://www.springer.com/tdm', 'start': {'date-parts': [[2002, 9, 18]], 'date-time': '2002-09-18T00:00:00Z', 'timestamp': 1032307200000}}",2002,,2024-09-13T16:36:16Z
10.1186/1471-2458-2-22,The average cost of measles cases and adverse events following vaccination in industrialised countries,Hélène Carabin; W John Edmunds; Ulla Kou; Susan van den Hof; Van Hung Nguyen,2002-09-19,2,1,,22,29,Springer Science and Business Media LLC,,"{'given': 'Hélène', 'family': 'Carabin', 'orcid': '', 'full_name': 'Hélène Carabin'}; {'given': 'W', 'family': 'John Edmunds', 'orcid': '', 'full_name': 'W John Edmunds'}; {'given': 'Ulla', 'family': 'Kou', 'orcid': '', 'full_name': 'Ulla Kou'}; {'given': 'Susan', 'family': 'van den Hof', 'orcid': '', 'full_name': 'Susan van den Hof'}; {'given': 'Van', 'family': 'Hung Nguyen', 'orcid': '', 'full_name': 'Van Hung Nguyen'}",2025-11-02T12:37:19.025202,2002-09-28T11:09:37Z,,journal-article,crossref,,1471-2458,BMC Public Health,en,,"{'url': 'http://www.springer.com/tdm', 'start': {'date-parts': [[2002, 9, 19]], 'date-time': '2002-09-19T00:00:00Z', 'timestamp': 1032393600000}}",2002,,2024-09-13T16:36:35Z
10.1186/1471-2458-2-23,Patient and health service delay in the diagnosis of pulmonary tuberculosis in Ethiopia,Meaza Demissie; Bernt Lindtjorn; Yemane Berhane,2002-09-25,2,1,,23,132,Springer Science and Business Media LLC,,"{'given': 'Meaza', 'family': 'Demissie', 'orcid': '', 'full_name': 'Meaza Demissie'}; {'given': 'Bernt', 'family': 'Lindtjorn', 'orcid': '', 'full_name': 'Bernt Lindtjorn'}; {'given': 'Yemane', 'family': 'Berhane', 'orcid': '', 'full_name': 'Yemane Berhane'}",2025-11-02T12:37:19.025235,2002-10-15T11:09:25Z,,journal-article,crossref,,1471-2458,BMC Public Health,en,,"{'url': 'http://www.springer.com/tdm', 'start': {'date-parts': [[2002, 9, 25]], 'date-time': '2002-09-25T00:00:00Z', 'timestamp': 1032912000000}}",2002,,2024-09-13T16:36:48Z
10.1186/1471-2458-2-24,Stroke in urban and rural populations in north-east Bulgaria: incidence and case fatality findings from a 'hot pursuit' study,John Powles; Philip Kirov; Nevijana Feschieva; Marin Stanoev; Virginia Atanasova,2002-09-25,2,1,,24,23,Springer Science and Business Media LLC,,"{'given': 'John', 'family': 'Powles', 'orcid': '', 'full_name': 'John Powles'}; {'given': 'Philip', 'family': 'Kirov', 'orcid': '', 'full_name': 'Philip Kirov'}; {'given': 'Nevijana', 'family': 'Feschieva', 'orcid': '', 'full_name': 'Nevijana Feschieva'}; {'given': 'Marin', 'family': 'Stanoev', 'orcid': '', 'full_name': 'Marin Stanoev'}; {'given': 'Virginia', 'family': 'Atanasova', 'orcid': '', 'full_name': 'Virginia Atanasova'}",2025-11-02T12:37:19.025271,2002-10-08T12:58:50Z,,journal-article,crossref,,1471-2458,BMC Public Health,en,,"{'url': 'http://www.springer.com/tdm', 'start': {'date-parts': [[2002, 9, 25]], 'date-time': '2002-09-25T00:00:00Z', 'timestamp': 1032912000000}}",2002,,2024-09-13T16:37:19Z
10.1186/1471-2458-2-25,Perceptions about prenatal care: views of urban vulnerable groups,Renee Milligan; Barbara K Wingrove; Leslie Richards; Margaret Rodan; Lillie Monroe-Lord; Velishie Jackson; Barbara Hatcher; Cynthia Harris; Cassandra Henderson; Allan A Johnson,2002-11-06,2,1,,25,50,Springer Science and Business Media LLC,,"{'given': 'Renee', 'family': 'Milligan', 'orcid': '', 'full_name': 'Renee Milligan'}; {'given': 'Barbara K', 'family': 'Wingrove', 'orcid': '', 'full_name': 'Barbara K Wingrove'}; {'given': 'Leslie', 'family': 'Richards', 'orcid': '', 'full_name': 'Leslie Richards'}; {'given': 'Margaret', 'family': 'Rodan', 'orcid': '', 'full_name': 'Margaret Rodan'}; {'given': 'Lillie', 'family': 'Monroe-Lord', 'orcid': '', 'full_name': 'Lillie Monroe-Lord'}; {'given': 'Velishie', 'family': 'Jackson', 'orcid': '', 'full_name': 'Velishie Jackson'}; {'given': 'Barbara', 'family': 'Hatcher', 'orcid': '', 'full_name': 'Barbara Hatcher'}; {'given': 'Cynthia', 'family': 'Harris', 'orcid': '', 'full_name': 'Cynthia Harris'}; {'given': 'Cassandra', 'family': 'Henderson', 'orcid': '', 'full_name': 'Cassandra Henderson'}; {'given': 'Allan A', 'family': 'Johnson', 'orcid': '', 'full_name': 'Allan A Johnson'}",2025-11-02T12:37:19.025318,2002-12-04T12:08:34Z,,journal-article,crossref,,1471-2458,BMC Public Health,en,,"{'url': 'http://www.springer.com/tdm', 'start': {'date-parts': [[2002, 11, 6]], 'date-time': '2002-11-06T00:00:00Z', 'timestamp': 1036540800000}}",2002,,2024-09-13T16:37:02Z
10.1186/1471-2458-2-26,"Risk factors for hepatitis B virus infection in Rio de Janeiro, Brazil",Lia L Lewis-Ximenez; Kycia MR do Ó; Cleber F Ginuino; Jucimara C Silva; Hermann G Schatzmayr; Sherri Stuver; Clara FT Yoshida,2002-11-22,2,1,,26,19,Springer Science and Business Media LLC,,"{'given': 'Lia L', 'family': 'Lewis-Ximenez', 'orcid': '', 'full_name': 'Lia L Lewis-Ximenez'}; {'given': 'Kycia MR', 'family': 'do Ó', 'orcid': '', 'full_name': 'Kycia MR do Ó'}; {'given': 'Cleber F', 'family': 'Ginuino', 'orcid': '', 'full_name': 'Cleber F Ginuino'}; {'given': 'Jucimara C', 'family': 'Silva', 'orcid': '', 'full_name': 'Jucimara C Silva'}; {'given': 'Hermann G', 'family': 'Schatzmayr', 'orcid': '', 'full_name': 'Hermann G Schatzmayr'}; {'given': 'Sherri', 'family': 'Stuver', 'orcid': '', 'full_name': 'Sherri Stuver'}; {'given': 'Clara FT', 'family': 'Yoshida', 'orcid': '', 'full_name': 'Clara FT Yoshida'}",2025-11-02T12:37:19.025358,2003-01-07T15:47:36Z,,journal-article,crossref,,1471-2458,BMC Public Health,en,,"{'url': 'http://www.springer.com/tdm', 'start': {'date-parts': [[2002, 11, 22]], 'date-time': '2002-11-22T00:00:00Z', 'timestamp': 1037923200000}}",2002,,2024-09-13T16:37:13Z
10.1186/1471-2458-2-27,Polio eradication initiative in Africa: influence on other infectious disease surveillance development,Peter Nsubuga; Sharon McDonnell; Bradley Perkins; Roland Sutter; Linda Quick; Mark White; Stephen Cochi; Mac Otten,2002-12-27,2,1,,27,14,Springer Science and Business Media LLC,,"{'given': 'Peter', 'family': 'Nsubuga', 'orcid': '', 'full_name': 'Peter Nsubuga'}; {'given': 'Sharon', 'family': 'McDonnell', 'orcid': '', 'full_name': 'Sharon McDonnell'}; {'given': 'Bradley', 'family': 'Perkins', 'orcid': '', 'full_name': 'Bradley Perkins'}; {'given': 'Roland', 'family': 'Sutter', 'orcid': '', 'full_name': 'Roland Sutter'}; {'given': 'Linda', 'family': 'Quick', 'orcid': '', 'full_name': 'Linda Quick'}; {'given': 'Mark', 'family': 'White', 'orcid': '', 'full_name': 'Mark White'}; {'given': 'Stephen', 'family': 'Cochi', 'orcid': '', 'full_name': 'Stephen Cochi'}; {'given': 'Mac', 'family': 'Otten', 'orcid': '', 'full_name': 'Mac Otten'}",2025-11-02T12:37:19.025400,2003-01-11T12:08:17Z,,journal-article,crossref,,1471-2458,BMC Public Health,en,,"{'url': 'http://www.springer.com/tdm', 'start': {'date-parts': [[2002, 12, 27]], 'date-time': '2002-12-27T00:00:00Z', 'timestamp': 1040947200000}}",2002,,2024-09-13T16:37:08Z
